nct,in_analysis,ghost,linked_pmids,medline_found
NCT02453711,True,False,2,True
NCT02607865,True,False,9,False
NCT02827708,True,False,7,False
NCT02849080,False,False,7,False
NCT02863328,True,False,8,False
NCT02863419,True,False,7,False
NCT02906930,True,False,10,True
NCT03015220,True,False,5,False
NCT03018028,True,False,4,False
NCT03021187,True,False,5,False
NCT03086330,True,False,1,False
NCT03136484,False,False,5,True
NCT03191396,True,False,2,True
NCT03548935,True,False,11,True
NCT03548987,True,False,6,True
NCT03552757,True,False,6,True
NCT03574597,True,False,19,True
NCT03596450,False,False,2,False
NCT03611582,True,False,6,True
NCT03689374,False,False,1,False
NCT03693430,True,False,5,True
NCT03811574,True,False,3,True
NCT03856047,True,False,1,True
NCT03987451,True,False,1,False
NCT04017832,True,False,1,False
NCT04074161,True,False,3,True
NCT04102189,True,False,4,True
NCT04109547,True,False,1,False
NCT04153929,True,False,1,False
NCT04184622,True,False,14,True
NCT04251156,True,False,1,True
NCT04515849,True,False,3,False
NCT04657003,True,False,4,True
NCT04657016,True,False,6,True
NCT04660643,True,False,8,True
NCT04667377,True,False,2,True
NCT04707313,True,False,1,True
NCT04707469,True,False,1,False
NCT04779697,True,True,0,False
NCT04788511,True,False,7,True
NCT04844918,True,False,3,True
NCT04847557,True,False,7,True
NCT04881760,True,False,2,True
NCT04944992,False,False,1,False
NCT04969939,True,True,0,False
NCT04982575,True,False,1,False
NCT04998136,True,False,1,True
NCT05024032,True,False,1,True
NCT05035095,True,False,1,True
NCT05040971,True,False,1,True
NCT05051579,True,False,2,True
NCT05064735,True,False,1,True
NCT05093205,False,True,0,False
NCT05144984,True,True,0,False
NCT05412004,True,False,5,True
NCT05564117,True,False,1,True
NCT05579249,True,True,0,False
NCT05646706,True,False,1,True
NCT05649137,True,False,1,True
NCT05822830,True,False,3,True
NCT05971940,True,False,1,False
NCT06041217,True,True,0,False
NCT06124807,True,False,0,False
