,population
NCT02453711,obesity
NCT02607865,T2D
NCT02827708,T2D
NCT02863328,T2D
NCT02863419,T2D
NCT02906930,T2D
NCT03015220,T2D
NCT03018028,T2D
NCT03021187,T2D
NCT03086330,T2D
NCT03191396,T2D
NCT03548935,obesity
NCT03548987,obesity
NCT03552757,obesity
NCT03574597,obesity
NCT03611582,obesity
NCT03693430,obesity
NCT03811574,obesity
NCT03856047,obesity
NCT03987451,obesity
NCT04017832,T2D
NCT04074161,obesity
NCT04102189,obesity
NCT04109547,T2D
NCT04153929,T2D
NCT04184622,obesity
NCT04251156,T2D
NCT04515849,T2D
NCT04657003,T2D
NCT04657016,obesity
NCT04660643,obesity
NCT04667377,obesity
NCT04707313,obesity
NCT04707469,T2D
NCT04779697,obesity
NCT04788511,obesity
NCT04844918,obesity
NCT04847557,obesity
NCT04881760,obesity
NCT04969939,obesity
NCT04982575,T2D
NCT04998136,obesity
NCT05024032,obesity
NCT05035095,obesity
NCT05040971,obesity
NCT05051579,obesity
NCT05064735,obesity
NCT05144984,T2D
NCT05412004,obesity
NCT05564117,obesity
NCT05579249,obesity
NCT05646706,obesity
NCT05649137,T2D
NCT05822830,obesity
NCT05971940,T2D
NCT06041217,obesity
NCT06124807,obesity
