nct_id,agent,hr,ci_lower_limit,ci_upper_limit,title
NCT02692716,semaglutide,0.79,0.57,1.11,"Time From Randomisation to First Occurrence of a Major Adverse Cardiovascular Event (MACE) Composite Endpoint Consisting of: Cardiovascular Death, Non-fatal Myocardial Infarction or Non-fatal Stroke"
NCT02692716,semaglutide,0.79,0.57,1.11,"Time From Randomisation to First Occurrence of a Major Adverse Cardiovascular Event (MACE) Composite Endpoint Consisting of: Cardiovascular Death, Non-fatal Myocardial Infarction or Non-fatal Stroke"
NCT02692716,semaglutide,0.82,0.61,1.1,"Time From Randomisation to First Occurrence of an Expanded Composite Cardiovascular Endpoint Consisting of: Cardiovascular Death, Non-fatal Myocardial Infarction, Non-fatal Stroke, UAP Requiring Hospitalisation or Hospitalisation for Heart Failure"
NCT02692716,semaglutide,0.49,0.27,0.92,Time From Randomisation to First Occurrence of Each of the Individual Components in the Expanded Composite Cardiovascular Endpoint
NCT02692716,semaglutide,1.18,0.73,1.9,Time From Randomisation to First Occurrence of Each of the Individual Components in the Expanded Composite Cardiovascular Endpoint
NCT02692716,semaglutide,0.74,0.35,1.57,Time From Randomisation to First Occurrence of Each of the Individual Components in the Expanded Composite Cardiovascular Endpoint
NCT02692716,semaglutide,1.56,0.6,4.01,Time From Randomisation to First Occurrence of Each of the Individual Components in the Expanded Composite Cardiovascular Endpoint
NCT02692716,semaglutide,0.86,0.48,1.55,Time From Randomisation to First Occurrence of Each of the Individual Components in the Expanded Composite Cardiovascular Endpoint
NCT02692716,semaglutide,0.77,0.56,1.05,"Time From Randomisation to First Occurrence of a Composite Endpoint Consisting of: All-cause Death, Non-fatal Myocardial Infarction or Nonfatal Stroke"
NCT02692716,semaglutide,1.04,0.66,1.66,Time From Randomisation to First Occurrence of Fatal or Non-fatal Myocardial Infarction
NCT02692716,semaglutide,0.76,0.37,1.56,Time From Randomisation to First Occurrence of Fatal or Non-fatal Stroke
NCT02692716,semaglutide,0.51,0.31,0.84,Time From Randomisation to All-cause Death
NCT04847557,tirzepatide,0.62,0.41,0.95,First Occurrence of the Composite Endpoint of Heart Failure (HF) Outcomes
NCT04847557,tirzepatide,1.245,0.633,2.452,Number of Participants With Time to All-Cause Death
NCT03574597,semaglutide,0.8,0.72,0.89,"Participants From Time of Randomization to First Occurrence of a Composite Outcome Measure Consisting of: Cardiovascular (CV) Death, Non-fatal Myocardial Infarction (MI), or Non-fatal Stroke"
NCT01720446,semaglutide,0.74,0.58,0.95,"Time From Randomisation to First Occurrence of a MACE, Defined as Cardiovascular Death, Non-fatal Myocardial Infarction, or Non-fatal Stroke"
NCT01720446,semaglutide,0.74,0.58,0.95,"Time From Randomisation to First Occurrence of a MACE, Defined as Cardiovascular Death, Non-fatal Myocardial Infarction, or Non-fatal Stroke"
NCT01720446,semaglutide,0.74,0.62,0.89,Time From Randomisation to First Occurrence of an Expanded Composite Cardiovascular Outcome
NCT01720446,semaglutide,0.98,0.65,1.48,Time From Randomisation to Each Individual Component of the Expanded Composite Cardiovascular Outcome
NCT01720446,semaglutide,0.74,0.51,1.08,Time From Randomisation to Each Individual Component of the Expanded Composite Cardiovascular Outcome
NCT01720446,semaglutide,0.61,0.38,0.99,Time From Randomisation to Each Individual Component of the Expanded Composite Cardiovascular Outcome
NCT01720446,semaglutide,0.65,0.5,0.86,Time From Randomisation to Each Individual Component of the Expanded Composite Cardiovascular Outcome
NCT01720446,semaglutide,0.82,0.47,1.44,Time From Randomisation to Each Individual Component of the Expanded Composite Cardiovascular Outcome
NCT01720446,semaglutide,1.11,0.77,1.61,Time From Randomisation to Each Individual Component of the Expanded Composite Cardiovascular Outcome
NCT01720446,semaglutide,0.77,0.61,0.97,"Time From Randomisation to First Occurrence of All-cause Death, Non-fatal MI, or Non-fatal Stroke"
NCT01179048,liraglutide,0.868,0.778,0.968,"Time From Randomisation to First Occurrence of Cardiovascular Death, Non-fatal Myocardial Infarction, or Non-fatal Stroke (a Composite Cardiovascular Outcome)"
NCT01179048,liraglutide,0.868,0.778,0.968,"Time From Randomisation to First Occurrence of Cardiovascular Death, Non-fatal Myocardial Infarction, or Non-fatal Stroke (a Composite Cardiovascular Outcome)"
NCT01179048,liraglutide,0.881,0.807,0.962,"Time From Rand. to First Occurrence of an Expanded Composite Cardiovascular Outcome Defined as Either Cardiovascular Death, Non-fatal Myocardial Infarction, Non-fatal Stroke, Revascularisation, Hospitalisation for Unstable Angina or for Heart Failure."
NCT01179048,liraglutide,0.847,0.739,0.971,Time From Randomisation to All Cause Death
NCT01179048,liraglutide,0.783,0.656,0.934,Time From Randomisation to Each Individual Component of the Expanded Composite Cardiovascular Outcome
NCT01179048,liraglutide,0.894,0.721,1.107,Time From Randomisation to Each Individual Component of the Expanded Composite Cardiovascular Outcome
NCT01179048,liraglutide,0.878,0.747,1.031,Time From Randomisation to Each Individual Component of the Expanded Composite Cardiovascular Outcome
NCT01179048,liraglutide,0.98,0.763,1.258,Time From Randomisation to Each Individual Component of the Expanded Composite Cardiovascular Outcome
NCT01179048,liraglutide,0.912,0.797,1.044,Time From Randomisation to Each Individual Component of the Expanded Composite Cardiovascular Outcome
NCT01179048,liraglutide,0.872,0.727,1.046,Time From Randomisation to Each Individual Component of the Expanded Composite Cardiovascular Outcome
NCT01179048,liraglutide,0.782,0.666,0.918,Time From Randomisation to Each Individual Component of the Composite Microvascular Outcome and to the Retinopathy and Nephropathy Composite Outcomes Separately.
NCT01179048,liraglutide,0.738,0.602,0.905,Time From Randomisation to Each Individual Component of the Composite Microvascular Outcome and to the Retinopathy and Nephropathy Composite Outcomes Separately.
NCT01179048,liraglutide,0.89,0.667,1.189,Time From Randomisation to Each Individual Component of the Composite Microvascular Outcome and to the Retinopathy and Nephropathy Composite Outcomes Separately.
NCT01179048,liraglutide,0.869,0.607,1.244,Time From Randomisation to Each Individual Component of the Composite Microvascular Outcome and to the Retinopathy and Nephropathy Composite Outcomes Separately.
NCT01179048,liraglutide,1.593,0.521,4.869,Time From Randomisation to Each Individual Component of the Composite Microvascular Outcome and to the Retinopathy and Nephropathy Composite Outcomes Separately.
NCT01179048,liraglutide,1.149,0.869,1.519,Time From Randomisation to Each Individual Component of the Composite Microvascular Outcome and to the Retinopathy and Nephropathy Composite Outcomes Separately.
NCT01179048,liraglutide,1.159,0.869,1.546,Time From Randomisation to Each Individual Component of the Composite Microvascular Outcome and to the Retinopathy and Nephropathy Composite Outcomes Separately.
NCT01179048,liraglutide,0.335,0.004,30.847,Time From Randomisation to Each Individual Component of the Composite Microvascular Outcome and to the Retinopathy and Nephropathy Composite Outcomes Separately.
NCT01179048,liraglutide,1.454,0.845,2.502,Time From Randomisation to Each Individual Component of the Composite Microvascular Outcome and to the Retinopathy and Nephropathy Composite Outcomes Separately.
NCT03819153,semaglutide,0.76,0.66,0.88,Number of Participants From Time of Randomization to First Occurrence of Onset of Persistent ≥50% Reduction in eGFR(CKD-EPI); Onset of Persistent eGFR(CKD-EPI) <15mL/Min/1.73m^2; Initiation of Chronic Renal Replacement Therapy; Renal Death; CV Death
NCT01394952,dulaglutide,0.88,0.79,0.99,"Number of Participants Who Experienced an Event For Time, From Randomization to First Occurrence of Cardiovascular Death, Non-fatal Myocardial Infarction, or Non-fatal Stroke (a Composite Cardiovascular Outcome)"
NCT01394952,dulaglutide,0.91,0.78,1.06,"Number of Participants Who Experienced an Event for Time to First Occurrence After Randomization of Cardiovascular Death, Non-fatal Myocardial Infarction, or Non-fatal Stroke, Individually"
NCT01394952,dulaglutide,0.96,0.79,1.16,"Number of Participants Who Experienced an Event for Time to First Occurrence After Randomization of Cardiovascular Death, Non-fatal Myocardial Infarction, or Non-fatal Stroke, Individually"
NCT01394952,dulaglutide,0.76,0.61,0.95,"Number of Participants Who Experienced an Event for Time to First Occurrence After Randomization of Cardiovascular Death, Non-fatal Myocardial Infarction, or Non-fatal Stroke, Individually"
NCT01394952,dulaglutide,0.9,0.8,1.01,Number of Participants Who Experienced an Event for Time to All-cause Mortality
NCT01394952,dulaglutide,0.93,0.77,1.12,Number of Participants Who Experienced An Event for Time to First Occurrence After Randomization of Heart Failure Requiring Hospitalization or an Urgent Heart Failure Clinic Visit
NCT01394952,dulaglutide,1.14,0.84,1.54,Number of Participants Who Experienced an Event for Time to First Occurrence After Randomization of First Hospitalization for Unstable Angina
NCT03914326,semaglutide,0.86,0.77,0.96,"Number of Participants From Randomization to First Occurrence of a Major Adverse Cardiovascular Event (MACE), a Composite Endpoint Consisting of: Cardiovascular (CV) Death/Non-fatal Myocardial Infarction/Non-fatal Stroke"
NCT03993132,liraglutide,1.01,0.91,1.11,Incidence Rate of Expanded Major Adverse Cardiovascular Event (MACE) Composite Outcome - OT Analysis
NCT03993132,liraglutide,1.07,1.01,1.13,Incidence Rate of Expanded Major Adverse Cardiovascular Event (MACE) Composite Outcome - ITT Analysis
NCT03993132,liraglutide,0.95,0.84,1.08,Incidence Rate of Heart Failure (HF) Hospitalization or All-cause Death - OT Analysis
NCT03993132,liraglutide,1.03,0.96,1.11,Incidence Rate of Heart Failure (HF) Hospitalization or All-cause Death - ITT Analysis
NCT03993132,liraglutide,0.71,0.61,0.83,Incidence Rate of First Hospitalized Heart Failure (HHF) or Initiation of Community Prescription Drug Therapy With Loop Diuretics - OT Analysis
NCT03993132,liraglutide,0.83,0.76,0.91,Incidence Rate of First Hospitalized Heart Failure (HHF) or Initiation of Community Prescription Drug Therapy With Loop Diuretics - ITT Analysis
NCT03993132,liraglutide,0.92,0.88,0.96,Incidence Rate of All-cause Hospitalization or Death - OT Analysis
NCT03993132,liraglutide,0.94,0.91,0.96,Incidence Rate of All-cause Hospitalization or Death - ITT Analysis
NCT03993132,liraglutide,0.92,0.88,0.96,Incidence Rate of All Cause Hospitalization - OT Analysis
NCT03993132,liraglutide,0.93,0.91,0.96,Incidence Rate of All Cause Hospitalization - ITT Analysis
NCT03993132,liraglutide,0.99,0.83,1.18,Incidence Rate of All-cause Death - OT Analysis
NCT03993132,liraglutide,1.06,0.97,1.16,Incidence Rate of All-cause Death - ITT Analysis
NCT03993132,liraglutide,0.87,0.72,1.06,Incidence Rate of Hospitalization for Heart Failure (HF) - OT Analysis
NCT03993132,liraglutide,0.98,0.88,1.1,Incidence Rate of Hospitalization for Heart Failure (HF) - ITT Analysis
